first_name,last_name,address,date_of_birth
Kathryn,Thompson,"769 Robert Junctions
Oliverport, SC 44650",1996-07-19
Robert,Patrick,"04025 Lindsey Corners Suite 874
Lake Johnmouth, NV 97082",2003-02-05
Jill,Wallace,"4634 Baker Burg Suite 496
Adamschester, LA 57190",1986-12-17
Cheyenne,Williams,"916 Kevin Drive
Brittanyshire, MI 09511",1954-08-16
Theresa,Thornton,"62560 Cook Lodge
Lopezshire, GA 96785",1967-02-07
Kelly,Anthony,"813 Nguyen Loop Suite 071
Gutierrezstad, AZ 46503",1947-10-16
Natalie,Ware,"503 Cook Orchard
West Craigchester, MO 22537",1999-03-28
Matthew,Torres,"769 Massey Course
Georgeberg, CT 86781",1972-05-19
Christina,Cowan,"13350 Alexander Trail
Sloanshire, IA 92040",1953-12-04
Julie,Rogers,"042 Paul Key Apt. 911
Herringtown, MO 54631",1958-05-04
